_c0,diagnosis,radius_mean,texture_mean,perimeter_mean,area_mean,smoothness_mean,compactness_mean,concavity_mean,concave points_mean,symmetry_mean,fractal_dimension_mean,radius_se,texture_se,perimeter_se,area_se,smoothness_se,compactness_se,concavity_se,concave points_se,symmetry_se,fractal_dimension_se,radius_worst,texture_worst,perimeter_worst,area_worst,smoothness_worst,compactness_worst,concavity_worst,concave points_worst,symmetry_worst,fractal_dimension_worst
44,M,13.17,21.81,85.42,531.5,0.09714,0.1047,0.08259,0.05252,0.1746,0.06177,0.1938,0.6123,1.334,14.49,0.00335,0.01384,0.01452,0.006853,0.01113,0.00172,16.23,29.89,105.5,740.7,0.1503,0.3904,0.3728,0.1607,0.3693,0.09618
47,M,13.17,18.66,85.98,534.6,0.1158,0.1231,0.1226,0.0734,0.2128,0.06777,0.2871,0.8937,1.897,24.25,0.006532,0.02336,0.02905,0.01215,0.01743,0.003643,15.67,27.95,102.8,759.4,0.1786,0.4166,0.5006,0.2088,0.39,0.1179
464,B,13.17,18.22,84.28,537.3,0.07466,0.05994,0.04859,0.0287,0.1454,0.05549,0.2023,0.685,1.236,16.89,0.005969,0.01493,0.01564,0.008463,0.01093,0.001672,14.9,23.89,95.1,687.6,0.1282,0.1965,0.1876,0.1045,0.2235,0.06925
