_c0,diagnosis,radius_mean,texture_mean,perimeter_mean,area_mean,smoothness_mean,compactness_mean,concavity_mean,concave points_mean,symmetry_mean,fractal_dimension_mean,radius_se,texture_se,perimeter_se,area_se,smoothness_se,compactness_se,concavity_se,concave points_se,symmetry_se,fractal_dimension_se,radius_worst,texture_worst,perimeter_worst,area_worst,smoothness_worst,compactness_worst,concavity_worst,concave points_worst,symmetry_worst,fractal_dimension_worst
163,B,12.34,22.22,79.85,464.5,0.1012,0.1015,0.0537,0.02822,0.1551,0.06761,0.2949,1.656,1.955,21.55,0.01134,0.03175,0.03125,0.01135,0.01879,0.005348,13.58,28.68,87.36,553.0,0.1452,0.2338,0.1688,0.08194,0.2268,0.09082
193,M,12.34,26.86,81.15,477.4,0.1034,0.1353,0.1085,0.04562,0.1943,0.06937,0.4053,1.809,2.642,34.44,0.009098,0.03845,0.03763,0.01321,0.01878,0.005672,15.65,39.34,101.7,768.9,0.1785,0.4706,0.4425,0.1459,0.3215,0.1205
404,B,12.34,14.95,78.29,469.1,0.08682,0.04571,0.02109,0.02054,0.1571,0.05708,0.3833,0.9078,2.602,30.15,0.007702,0.008491,0.01307,0.0103,0.0297,0.001432,13.18,16.85,84.11,533.1,0.1048,0.06744,0.04921,0.04793,0.2298,0.05974
527,B,12.34,12.27,78.94,468.5,0.09003,0.06307,0.02958,0.02647,0.1689,0.05808,0.1166,0.4957,0.7714,8.955,0.003681,0.009169,0.008732,0.00574,0.01129,0.001366,13.61,19.27,87.22,564.9,0.1292,0.2074,0.1791,0.107,0.311,0.07592
