_c0,diagnosis,radius_mean,texture_mean,perimeter_mean,area_mean,smoothness_mean,compactness_mean,concavity_mean,concave points_mean,symmetry_mean,fractal_dimension_mean,radius_se,texture_se,perimeter_se,area_se,smoothness_se,compactness_se,concavity_se,concave points_se,symmetry_se,fractal_dimension_se,radius_worst,texture_worst,perimeter_worst,area_worst,smoothness_worst,compactness_worst,concavity_worst,concave points_worst,symmetry_worst,fractal_dimension_worst
125,B,13.85,17.21,88.44,588.7,0.08785,0.06136,0.0142,0.01141,0.1614,0.0589,0.2185,0.8561,1.495,17.91,0.004599,0.009169,0.009127,0.004814,0.01247,0.001708,15.49,23.58,100.3,725.9,0.1157,0.135,0.08115,0.05104,0.2364,0.07182
279,B,13.85,15.18,88.99,587.4,0.09516,0.07688,0.04479,0.03711,0.211,0.05853,0.2479,0.9195,1.83,19.41,0.004235,0.01541,0.01457,0.01043,0.01528,0.001593,14.98,21.74,98.37,670.0,0.1185,0.1724,0.1456,0.09993,0.2955,0.06912
438,B,13.85,19.6,88.68,592.6,0.08684,0.0633,0.01342,0.02293,0.1555,0.05673,0.3419,1.678,2.331,29.63,0.005836,0.01095,0.005812,0.007039,0.02014,0.002326,15.63,28.01,100.9,749.1,0.1118,0.1141,0.04753,0.0589,0.2513,0.06911
