_c0,diagnosis,radius_mean,texture_mean,perimeter_mean,area_mean,smoothness_mean,compactness_mean,concavity_mean,concave points_mean,symmetry_mean,fractal_dimension_mean,radius_se,texture_se,perimeter_se,area_se,smoothness_se,compactness_se,concavity_se,concave points_se,symmetry_se,fractal_dimension_se,radius_worst,texture_worst,perimeter_worst,area_worst,smoothness_worst,compactness_worst,concavity_worst,concave points_worst,symmetry_worst,fractal_dimension_worst
58,B,13.05,19.31,82.61,527.2,0.0806,0.03789,6.92E-4,0.004167,0.1819,0.05501,0.404,1.214,2.595,32.96,0.007491,0.008593,6.92E-4,0.004167,0.0219,0.00299,14.23,22.25,90.24,624.1,0.1021,0.06191,0.001845,0.01111,0.2439,0.06289
309,B,13.05,13.84,82.71,530.6,0.08352,0.03735,0.004559,0.008829,0.1453,0.05518,0.3975,0.8285,2.567,33.01,0.004148,0.004711,0.002831,0.004821,0.01422,0.002273,14.73,17.4,93.96,672.4,0.1016,0.05847,0.01824,0.03532,0.2107,0.0658
356,B,13.05,18.59,85.09,512.0,0.1082,0.1304,0.09603,0.05603,0.2035,0.06501,0.3106,1.51,2.59,21.57,0.007807,0.03932,0.05112,0.01876,0.0286,0.005715,14.19,24.85,94.22,591.2,0.1343,0.2658,0.2573,0.1258,0.3113,0.08317
