_c0,diagnosis,radius_mean,texture_mean,perimeter_mean,area_mean,smoothness_mean,compactness_mean,concavity_mean,concave points_mean,symmetry_mean,fractal_dimension_mean,radius_se,texture_se,perimeter_se,area_se,smoothness_se,compactness_se,concavity_se,concave points_se,symmetry_se,fractal_dimension_se,radius_worst,texture_worst,perimeter_worst,area_worst,smoothness_worst,compactness_worst,concavity_worst,concave points_worst,symmetry_worst,fractal_dimension_worst
96,B,12.18,17.84,77.79,451.1,0.1045,0.07057,0.0249,0.02941,0.19,0.06635,0.3661,1.511,2.41,24.44,0.005433,0.01179,0.01131,0.01519,0.0222,0.003408,12.83,20.92,82.14,495.2,0.114,0.09358,0.0498,0.05882,0.2227,0.07376
102,B,12.18,20.52,77.22,458.7,0.08013,0.04038,0.02383,0.0177,0.1739,0.05677,0.1924,1.571,1.183,14.68,0.00508,0.006098,0.01069,0.006797,0.01447,0.001532,13.34,32.84,84.58,547.8,0.1123,0.08862,0.1145,0.07431,0.2694,0.06878
316,B,12.18,14.08,77.25,461.4,0.07734,0.03212,0.01123,0.005051,0.1673,0.05649,0.2113,0.5996,1.438,15.82,0.005343,0.005767,0.01123,0.005051,0.01977,9.502E-4,12.85,16.47,81.6,513.1,0.1001,0.05332,0.04116,0.01852,0.2293,0.06037
