_c0,diagnosis,radius_mean,texture_mean,perimeter_mean,area_mean,smoothness_mean,compactness_mean,concavity_mean,concave points_mean,symmetry_mean,fractal_dimension_mean,radius_se,texture_se,perimeter_se,area_se,smoothness_se,compactness_se,concavity_se,concave points_se,symmetry_se,fractal_dimension_se,radius_worst,texture_worst,perimeter_worst,area_worst,smoothness_worst,compactness_worst,concavity_worst,concave points_worst,symmetry_worst,fractal_dimension_worst
8,M,13.0,21.82,87.5,519.8,0.1273,0.1932,0.1859,0.09353,0.235,0.07389,0.3063,1.002,2.406,24.32,0.005731,0.03502,0.03553,0.01226,0.02143,0.003749,15.49,30.73,106.2,739.3,0.1703,0.5401,0.539,0.206,0.4378,0.1072
150,B,13.0,20.78,83.51,519.4,0.1135,0.07589,0.03136,0.02645,0.254,0.06087,0.4202,1.322,2.873,34.78,0.007017,0.01142,0.01949,0.01153,0.02951,0.001533,14.16,24.11,90.82,616.7,0.1297,0.1105,0.08112,0.06296,0.3196,0.06435
458,B,13.0,25.13,82.61,520.2,0.08369,0.05073,0.01206,0.01762,0.1667,0.05449,0.2621,1.232,1.657,21.19,0.006054,0.008974,0.005681,0.006336,0.01215,0.001514,14.34,31.88,91.06,628.5,0.1218,0.1093,0.04462,0.05921,0.2306,0.06291
