_c0,diagnosis,radius_mean,texture_mean,perimeter_mean,area_mean,smoothness_mean,compactness_mean,concavity_mean,concave points_mean,symmetry_mean,fractal_dimension_mean,radius_se,texture_se,perimeter_se,area_se,smoothness_se,compactness_se,concavity_se,concave points_se,symmetry_se,fractal_dimension_se,radius_worst,texture_worst,perimeter_worst,area_worst,smoothness_worst,compactness_worst,concavity_worst,concave points_worst,symmetry_worst,fractal_dimension_worst
247,B,12.89,14.11,84.95,512.2,0.0876,0.1346,0.1374,0.0398,0.1596,0.06409,0.2025,0.4402,2.393,16.35,0.005501,0.05592,0.08158,0.0137,0.01266,0.007555,14.39,17.7,105.0,639.1,0.1254,0.5849,0.7727,0.1561,0.2639,0.1178
284,B,12.89,15.7,84.08,516.6,0.07818,0.0958,0.1115,0.0339,0.1432,0.05935,0.2913,1.389,2.347,23.29,0.006418,0.03961,0.07927,0.01774,0.01878,0.003696,13.9,19.69,92.12,595.6,0.09926,0.2317,0.3344,0.1017,0.1999,0.07127
287,B,12.89,13.12,81.89,515.9,0.06955,0.03729,0.0226,0.01171,0.1337,0.05581,0.1532,0.469,1.115,12.68,0.004731,0.01345,0.01652,0.005905,0.01619,0.002081,13.62,15.54,87.4,577.0,0.09616,0.1147,0.1186,0.05366,0.2309,0.06915
