_c0,diagnosis,radius_mean,texture_mean,perimeter_mean,area_mean,smoothness_mean,compactness_mean,concavity_mean,concave points_mean,symmetry_mean,fractal_dimension_mean,radius_se,texture_se,perimeter_se,area_se,smoothness_se,compactness_se,concavity_se,concave points_se,symmetry_se,fractal_dimension_se,radius_worst,texture_worst,perimeter_worst,area_worst,smoothness_worst,compactness_worst,concavity_worst,concave points_worst,symmetry_worst,fractal_dimension_worst
135,M,12.77,22.47,81.72,506.3,0.09055,0.05761,0.04711,0.02704,0.1585,0.06065,0.2367,1.38,1.457,19.87,0.007499,0.01202,0.02332,0.00892,0.01647,0.002629,14.49,33.37,92.04,653.6,0.1419,0.1523,0.2177,0.09331,0.2829,0.08067
191,B,12.77,21.41,82.02,507.4,0.08749,0.06601,0.03112,0.02864,0.1694,0.06287,0.7311,1.748,5.118,53.65,0.004571,0.0179,0.02176,0.01757,0.03373,0.005875,13.75,23.5,89.04,579.5,0.09388,0.08978,0.05186,0.04773,0.2179,0.06871
552,B,12.77,29.43,81.35,507.9,0.08276,0.04234,0.01997,0.01499,0.1539,0.05637,0.2409,1.367,1.477,18.76,0.008835,0.01233,0.01328,0.009305,0.01897,0.001726,13.87,36.0,88.1,594.7,0.1234,0.1064,0.08653,0.06498,0.2407,0.06484
