_c0,diagnosis,radius_mean,texture_mean,perimeter_mean,area_mean,smoothness_mean,compactness_mean,concavity_mean,concave points_mean,symmetry_mean,fractal_dimension_mean,radius_se,texture_se,perimeter_se,area_se,smoothness_se,compactness_se,concavity_se,concave points_se,symmetry_se,fractal_dimension_se,radius_worst,texture_worst,perimeter_worst,area_worst,smoothness_worst,compactness_worst,concavity_worst,concave points_worst,symmetry_worst,fractal_dimension_worst
136,B,11.71,16.67,74.72,423.6,0.1051,0.06095,0.03592,0.026,0.1339,0.05945,0.4489,2.508,3.258,34.37,0.006578,0.0138,0.02662,0.01307,0.01359,0.003707,13.33,25.48,86.16,546.7,0.1271,0.1028,0.1046,0.06968,0.1712,0.07343
187,B,11.71,17.19,74.68,420.3,0.09774,0.06141,0.03809,0.03239,0.1516,0.06095,0.2451,0.7655,1.742,17.86,0.006905,0.008704,0.01978,0.01185,0.01897,0.001671,13.01,21.39,84.42,521.5,0.1323,0.104,0.1521,0.1099,0.2572,0.07097
344,B,11.71,15.45,75.03,420.3,0.115,0.07281,0.04006,0.0325,0.2009,0.06506,0.3446,0.7395,2.355,24.53,0.009536,0.01097,0.01651,0.01121,0.01953,0.0031,13.06,18.16,84.16,516.4,0.146,0.1115,0.1087,0.07864,0.2765,0.07806
