_c0,diagnosis,radius_mean,texture_mean,perimeter_mean,area_mean,smoothness_mean,compactness_mean,concavity_mean,concave points_mean,symmetry_mean,fractal_dimension_mean,radius_se,texture_se,perimeter_se,area_se,smoothness_se,compactness_se,concavity_se,concave points_se,symmetry_se,fractal_dimension_se,radius_worst,texture_worst,perimeter_worst,area_worst,smoothness_worst,compactness_worst,concavity_worst,concave points_worst,symmetry_worst,fractal_dimension_worst
342,B,11.06,14.96,71.49,373.9,0.1033,0.09097,0.05397,0.03341,0.1776,0.06907,0.1601,0.8225,1.355,10.8,0.007416,0.01877,0.02758,0.0101,0.02348,0.002917,11.92,19.9,79.76,440.0,0.1418,0.221,0.2299,0.1075,0.3301,0.0908
398,B,11.06,14.83,70.31,378.2,0.07741,0.04768,0.02712,0.007246,0.1535,0.06214,0.1855,0.6881,1.263,12.98,0.004259,0.01469,0.0194,0.004168,0.01191,0.003537,12.68,20.35,80.79,496.7,0.112,0.1879,0.2079,0.05556,0.259,0.09158
507,B,11.06,17.12,71.25,366.5,0.1194,0.1071,0.04063,0.04268,0.1954,0.07976,0.1779,1.03,1.318,12.3,0.01262,0.02348,0.018,0.01285,0.0222,0.008313,11.69,20.74,76.08,411.1,0.1662,0.2031,0.1256,0.09514,0.278,0.1168
