_c0,diagnosis,radius_mean,texture_mean,perimeter_mean,area_mean,smoothness_mean,compactness_mean,concavity_mean,concave points_mean,symmetry_mean,fractal_dimension_mean,radius_se,texture_se,perimeter_se,area_se,smoothness_se,compactness_se,concavity_se,concave points_se,symmetry_se,fractal_dimension_se,radius_worst,texture_worst,perimeter_worst,area_worst,smoothness_worst,compactness_worst,concavity_worst,concave points_worst,symmetry_worst,fractal_dimension_worst
345,B,10.26,14.71,66.2,321.6,0.09882,0.09159,0.03581,0.02037,0.1633,0.07005,0.338,2.509,2.394,19.33,0.01736,0.04671,0.02611,0.01296,0.03675,0.006758,10.88,19.48,70.89,357.1,0.136,0.1636,0.07162,0.04074,0.2434,0.08488
390,B,10.26,12.22,65.75,321.6,0.09996,0.07542,0.01923,0.01968,0.18,0.06569,0.1911,0.5477,1.348,11.88,0.005682,0.01365,0.008496,0.006929,0.01938,0.002371,11.38,15.65,73.23,394.5,0.1343,0.165,0.08615,0.06696,0.2937,0.07722
547,B,10.26,16.58,65.85,320.8,0.08877,0.08066,0.04358,0.02438,0.1669,0.06714,0.1144,1.023,0.9887,7.326,0.01027,0.03084,0.02613,0.01097,0.02277,0.00589,10.83,22.04,71.08,357.4,0.1461,0.2246,0.1783,0.08333,0.2691,0.09479
